[{"id":"user-image-Screenshot2024-12-09at12.59.28AM.png","fileName":"Screenshot2024-12-09at12.59.28AM.png","name":"Screenshot2024-12-09at12.59.28AM","publicUrl":"https://assets.nicepagecdn.com/9e381455/6408024/images/Screenshot2024-12-09at12.59.28AM.png","size":3789913,"hash":"klVVqDkJg8H8gf25MUs4YG9TFjI=","width":1888,"height":1836,"folderId":null,"thumbnail":{"url":"https://assets.nicepagecdn.com/9e381455/6408024/images/thumbnails/Screenshot2024-12-09at12.59.28AM.png","width":150,"height":146},"usages":["33763915"]},{"id":"user-image-Screenshot2024-12-09at1.00.04AM.png","fileName":"Screenshot2024-12-09at1.00.04AM.png","name":"Screenshot2024-12-09at1.00.04AM","publicUrl":"https://assets.nicepagecdn.com/9e381455/6408024/images/Screenshot2024-12-09at1.00.04AM.png","size":3016863,"hash":"0tPMR62O9/6FRkGbQCjuwRAqs5k=","width":1898,"height":1744,"folderId":null,"thumbnail":{"url":"https://assets.nicepagecdn.com/9e381455/6408024/images/thumbnails/Screenshot2024-12-09at1.00.04AM.png","width":150,"height":138},"usages":[]},{"id":"user-image-7532231.png","fileName":"7532231.png","name":"7532231","publicUrl":"https://assets.nicepagecdn.com/9e381455/6408024/images/7532231.png","size":2311,"hash":"6yAxeSQByj2mus7cmJesjdp0n2A=","width":128,"height":128,"folderId":null,"thumbnail":{"url":"https://assets.nicepagecdn.com/9e381455/6408024/images/7532231.png","width":128,"height":128},"usages":[]},{"id":"user-image-15874.png","fileName":"15874.png","name":"15874","publicUrl":"https://assets.nicepagecdn.com/9e381455/6408024/images/15874.png","size":636,"hash":"9VsHFnVtvfhtMcxgjt59NKv3t/k=","width":128,"height":128,"folderId":null,"thumbnail":{"url":"https://assets.nicepagecdn.com/9e381455/6408024/images/15874.png","width":128,"height":128},"usages":["33763915"]},{"id":"user-image-2397.png","fileName":"2397.png","name":"2397","publicUrl":"https://assets.nicepagecdn.com/9e381455/6408024/images/2397.png","size":1695,"hash":"pQCpU1k5a1xrhOuzgBTCZ4IwYzY=","width":128,"height":128,"folderId":null,"thumbnail":{"url":"https://assets.nicepagecdn.com/9e381455/6408024/images/2397.png","width":128,"height":128},"usages":["33763915"]},{"id":"user-image-919847.png","fileName":"919847.png","name":"919847","publicUrl":"https://assets.nicepagecdn.com/9e381455/6408024/images/919847.png","size":6138,"hash":"6YURdlV7BB1Ys2yt0StkZoktwmo=","width":128,"height":128,"folderId":null,"thumbnail":{"url":"https://assets.nicepagecdn.com/9e381455/6408024/images/919847.png","width":128,"height":128},"usages":["33763915"]},{"id":"user-image-646094.png","fileName":"646094.png","name":"646094","publicUrl":"https://assets.nicepagecdn.com/9e381455/6408024/images/646094.png","size":2920,"hash":"D4R2eI+UniH8DFN5GIjVyvdbvvY=","width":128,"height":128,"folderId":null,"thumbnail":{"url":"https://assets.nicepagecdn.com/9e381455/6408024/images/646094.png","width":128,"height":128},"usages":["33763915"]},{"id":"user-image-618.png","fileName":"618.png","name":"618","publicUrl":"https://assets.nicepagecdn.com/9e381455/6408024/images/618.png","size":1337,"hash":"9wnazvYM9Gv9BXkDJast8uiKg68=","width":128,"height":128,"folderId":null,"thumbnail":{"url":"https://assets.nicepagecdn.com/9e381455/6408024/images/618.png","width":128,"height":128},"usages":[]},{"id":"user-image-1294391.png","publicUrl":"https://assets.nicepagecdn.com/9e381455/6408024/images/1294391.png","size":3913,"hash":"hiKfpLg3ObYAHYvgDvdmNH9YtJw=","fileName":"1294391.png","name":"1294391","width":128,"height":128,"folderId":null,"usages":[],"thumbnail":{"url":"https://assets.nicepagecdn.com/9e381455/6408024/images/1294391.png","width":128,"height":128}},{"id":"user-image-684908.png","publicUrl":"https://assets.nicepagecdn.com/9e381455/6408024/images/684908.png","size":3369,"hash":"QmlhdQJ/zE4/kUTef6pY1oR6XWw=","fileName":"684908.png","name":"684908","width":128,"height":128,"folderId":null,"usages":["33763915"],"thumbnail":{"url":"https://assets.nicepagecdn.com/9e381455/6408024/images/684908.png","width":128,"height":128}},{"id":"user-image-447031.png","publicUrl":"https://assets.nicepagecdn.com/9e381455/6408024/images/447031.png","size":2026,"hash":"8luewZtWybdyLtyNQpBqJpkfc3Y=","fileName":"447031.png","name":"447031","width":128,"height":128,"folderId":null,"usages":["33763915"],"thumbnail":{"url":"https://assets.nicepagecdn.com/9e381455/6408024/images/447031.png","width":128,"height":128}},{"id":"user-image-pro-transparent-back.jpg","publicUrl":"https://assets.nicepagecdn.com/9e381455/6408024/images/pro-transparent-back.jpg","size":112064,"hash":"nEc6sKWPirHJEiDNhoEXXv6HlmQ=","fileName":"pro-transparent-back.jpg","name":"pro-transparent-back","width":702,"height":1120,"folderId":null,"usages":["33763915"],"thumbnail":{"url":"https://assets.nicepagecdn.com/9e381455/6408024/images/pro-transparent-back.jpg","width":702,"height":1120}},{"id":"user-image-Headshot.jpg","publicUrl":"https://assets.nicepagecdn.com/9e381455/6408024/images/Headshot.jpg","size":53768,"hash":"/w+Aag83CpnICjG1vMqpoavWNMc=","fileName":"Headshot.jpg","name":"Headshot","width":488,"height":410,"folderId":null,"usages":["33763915"],"thumbnail":{"url":"https://assets.nicepagecdn.com/9e381455/6408024/images/Headshot.jpg","width":488,"height":410}},{"id":"user-image-Untitled-135.jpg","publicUrl":"https://assets.nicepagecdn.com/9e381455/6408024/images/Untitled-135.jpg","size":92101,"hash":"EVgxX4uTQuXXS15nKPBi6nRQ/nA=","fileName":"Untitled-135.jpg","name":"Untitled-135","width":900,"height":900,"folderId":null,"originalUrl":"https://assets.nicepagecdn.com/d2cc3eaa/473779/images/Untitled-135.jpg","usages":["33763915"],"thumbnail":{"url":"https://assets.nicepagecdn.com/9e381455/6408024/images/Untitled-135.jpg","width":900,"height":900}},{"id":"user-image-Untitled-15.jpg","publicUrl":"https://assets.nicepagecdn.com/9e381455/6408024/images/Untitled-15.jpg","size":198445,"hash":"tCfy0m6Uc4bLX90NYakJaSldfPY=","fileName":"Untitled-15.jpg","name":"Untitled-15","width":900,"height":900,"folderId":null,"originalUrl":"https://assets.nicepagecdn.com/d2cc3eaa/473779/images/Untitled-15.jpg","usages":[],"thumbnail":{"url":"https://assets.nicepagecdn.com/9e381455/6408024/images/Untitled-15.jpg","width":900,"height":900}},{"id":"user-image-346.jpg","publicUrl":"https://assets.nicepagecdn.com/9e381455/6408024/images/346.jpg","size":118884,"hash":"61YShDEEuvwqgjSd4lPeAL0dEwM=","fileName":"346.jpg","name":"346","width":902,"height":902,"folderId":null,"originalUrl":"https://assets.nicepagecdn.com/d2cc3eaa/473779/images/346.jpg","usages":[],"thumbnail":{"url":"https://assets.nicepagecdn.com/9e381455/6408024/images/346.jpg","width":902,"height":902}},{"id":"user-image-6776.jpg","publicUrl":"https://assets.nicepagecdn.com/9e381455/6408024/images/6776.jpg","size":240203,"hash":"0qVpXn0nyRj1VKB0WyoaE/22/ZM=","fileName":"6776.jpg","name":"6776","width":900,"height":900,"folderId":null,"originalUrl":"https://assets.nicepagecdn.com/d2cc3eaa/473779/images/6776.jpg","usages":[],"thumbnail":{"url":"https://assets.nicepagecdn.com/9e381455/6408024/images/6776.jpg","width":900,"height":900}},{"id":"user-image-878.jpg","publicUrl":"https://assets.nicepagecdn.com/9e381455/6408024/images/878.jpg","size":141560,"hash":"t2c7Coc3i2VLY5ZEjEXcCMpjBtk=","fileName":"878.jpg","name":"878","width":900,"height":900,"folderId":null,"originalUrl":"https://assets.nicepagecdn.com/d2cc3eaa/473779/images/878.jpg","usages":[],"thumbnail":{"url":"https://assets.nicepagecdn.com/9e381455/6408024/images/878.jpg","width":900,"height":900}},{"id":"user-image-222.jpg","publicUrl":"https://assets.nicepagecdn.com/9e381455/6408024/images/222.jpg","size":123925,"hash":"T+TkJ40/0BDGz/gCqhh/Wwh7dzY=","fileName":"222.jpg","name":"222","width":902,"height":902,"folderId":null,"originalUrl":"https://assets.nicepagecdn.com/d2cc3eaa/473779/images/222.jpg","usages":["33763915"],"thumbnail":{"url":"https://assets.nicepagecdn.com/9e381455/6408024/images/222.jpg","width":902,"height":902}},{"id":"user-image-default-logo.png","fileName":"default-logo.png","name":"default-logo","publicUrl":"https://assets.nicepagecdn.com/9e381455/6408024/images/default-logo.png","size":1804,"hash":"pVWyp9ScwghJ0IJ/x/tR7o2JZVo=","width":80,"height":40,"folderId":null,"thumbnail":{"url":"https://assets.nicepagecdn.com/9e381455/6408024/images/default-logo.png","width":80,"height":40},"usages":[]}]