[{"id":"user-image-138EBA0E-076C-4059-85CB-83C013627A2E_1_105_c.jpeg","publicUrl":"np://user.desktop.nicepage.com/Site_950620902/images/138EBA0E-076C-4059-85CB-83C013627A2E_1_105_c.jpeg","size":204468,"hash":"yyATrStKzax+5YVCxdks8yylKUQ=","fileName":"138EBA0E-076C-4059-85CB-83C013627A2E_1_105_c.jpeg","name":"138EBA0E-076C-4059-85CB-83C013627A2E_1_105_c","width":778,"height":1010,"thumbnail":{"url":"np://user.desktop.nicepage.com/Site_950620902/images/thumbnails/138EBA0E-076C-4059-85CB-83C013627A2E_1_105_c.jpeg","width":193,"height":250},"folderId":null,"usages":["27095573","26610841"]},{"id":"user-image-github-mark-white.png","publicUrl":"np://user.desktop.nicepage.com/Site_950620902/images/github-mark-white.png","size":4837,"hash":"aBtyQwtaYCwm0rpfqJHwU4zRUBs=","fileName":"github-mark-white.png","name":"github-mark-white","width":230,"height":225,"thumbnail":{"url":"np://user.desktop.nicepage.com/Site_950620902/images/thumbnails/github-mark-white.png","width":230,"height":225,"length":4837,"type":"png"},"folderId":null,"usages":["27095573"]},{"id":"user-image-618.png","publicUrl":"np://user.desktop.nicepage.com/Site_950620902/images/618.png","size":1337,"hash":"9wnazvYM9Gv9BXkDJast8uiKg68=","fileName":"618.png","name":"618","width":128,"height":128,"thumbnail":{"url":"np://user.desktop.nicepage.com/Site_950620902/images/thumbnails/618.png","width":128,"height":128,"length":1337,"type":"png"},"folderId":null,"usages":["27095573"]},{"id":"user-image-6776.jpg","publicUrl":"np://user.desktop.nicepage.com/Site_950620902/images/6776.jpg","size":240203,"hash":"0qVpXn0nyRj1VKB0WyoaE/22/ZM=","fileName":"6776.jpg","name":"6776","width":900,"height":900,"thumbnail":{"url":"np://user.desktop.nicepage.com/Site_950620902/images/thumbnails/6776.jpg","width":250,"height":250},"folderId":null,"originalUrl":"https://assets.nicepagecdn.com/d2cc3eaa/473779/images/6776.jpg","usages":["27095573"]},{"id":"user-image-878.jpg","publicUrl":"np://user.desktop.nicepage.com/Site_950620902/images/878.jpg","size":141560,"hash":"t2c7Coc3i2VLY5ZEjEXcCMpjBtk=","fileName":"878.jpg","name":"878","width":900,"height":900,"thumbnail":{"url":"np://user.desktop.nicepage.com/Site_950620902/images/thumbnails/878.jpg","width":250,"height":250},"folderId":null,"originalUrl":"https://assets.nicepagecdn.com/d2cc3eaa/473779/images/878.jpg","usages":["27095573"]},{"id":"user-image-346.jpg","publicUrl":"np://user.desktop.nicepage.com/Site_950620902/images/346.jpg","size":118884,"hash":"61YShDEEuvwqgjSd4lPeAL0dEwM=","fileName":"346.jpg","name":"346","width":902,"height":902,"thumbnail":{"url":"np://user.desktop.nicepage.com/Site_950620902/images/thumbnails/346.jpg","width":250,"height":250},"folderId":null,"originalUrl":"https://assets.nicepagecdn.com/d2cc3eaa/473779/images/346.jpg","usages":["27095573"]},{"id":"user-image-Untitled-135.jpg","publicUrl":"np://user.desktop.nicepage.com/Site_950620902/images/Untitled-135.jpg","size":92101,"hash":"EVgxX4uTQuXXS15nKPBi6nRQ/nA=","fileName":"Untitled-135.jpg","name":"Untitled-135","width":900,"height":900,"thumbnail":{"url":"np://user.desktop.nicepage.com/Site_950620902/images/thumbnails/Untitled-135.jpg","width":250,"height":250},"folderId":null,"originalUrl":"https://assets.nicepagecdn.com/d2cc3eaa/473779/images/Untitled-135.jpg","usages":["27095573"]},{"id":"user-image-Untitled-15.jpg","publicUrl":"np://user.desktop.nicepage.com/Site_950620902/images/Untitled-15.jpg","size":198445,"hash":"tCfy0m6Uc4bLX90NYakJaSldfPY=","fileName":"Untitled-15.jpg","name":"Untitled-15","width":900,"height":900,"thumbnail":{"url":"np://user.desktop.nicepage.com/Site_950620902/images/thumbnails/Untitled-15.jpg","width":250,"height":250},"folderId":null,"originalUrl":"https://assets.nicepagecdn.com/d2cc3eaa/473779/images/Untitled-15.jpg","usages":["27095573"]},{"id":"user-image-222.jpg","publicUrl":"np://user.desktop.nicepage.com/Site_950620902/images/222.jpg","size":123925,"hash":"T+TkJ40/0BDGz/gCqhh/Wwh7dzY=","fileName":"222.jpg","name":"222","width":902,"height":902,"thumbnail":{"url":"np://user.desktop.nicepage.com/Site_950620902/images/thumbnails/222.jpg","width":250,"height":250},"folderId":null,"originalUrl":"https://assets.nicepagecdn.com/d2cc3eaa/473779/images/222.jpg","usages":["27095573"]},{"id":"user-image-ProPhoto.jpeg","publicUrl":"np://user.desktop.nicepage.com/Site_950620902/images/ProPhoto.jpeg","size":158154,"hash":"IqbpP2GNZtE4O8y8o794B1qxQqc=","fileName":"ProPhoto.jpeg","name":"ProPhoto","width":702,"height":1120,"thumbnail":{"url":"np://user.desktop.nicepage.com/Site_950620902/images/thumbnails/ProPhoto.jpeg","width":157,"height":250},"folderId":null,"usages":["27095573"]}]