[{"id":27319024,"title":"Blog Template","order":1,"templateKey":"blog","customTemplate":false,"customTemplateFilename":null,"pageLinks":[],"dateCreated":"2024-09-05T02:08:15.331Z","dateUpdated":"2024-09-05T02:08:15.860Z","folderId":null,"pageName":"Blog Template","serverPageId":null,"sectionCount":1,"status":2,"backwardUrl":null},{"id":110697333,"title":"Post Template","order":2,"templateKey":"post","customTemplate":false,"customTemplateFilename":null,"pageLinks":[],"dateCreated":"2024-09-05T02:08:15.391Z","dateUpdated":"2024-09-05T02:08:15.860Z","folderId":null,"pageName":"Post Template","serverPageId":null,"sectionCount":1,"status":2,"backwardUrl":null},{"id":99510716,"title":"Product List Template","order":3,"templateKey":"products","customTemplate":false,"customTemplateFilename":null,"pageLinks":[],"dateCreated":"2024-09-05T02:08:15.442Z","dateUpdated":"2024-09-05T02:08:15.861Z","folderId":null,"pageName":"Product List Template","serverPageId":null,"sectionCount":1,"status":2,"backwardUrl":null},{"id":65714858,"title":"Product Details Template","order":4,"templateKey":"product","customTemplate":false,"customTemplateFilename":null,"pageLinks":[],"dateCreated":"2024-09-05T02:08:15.496Z","dateUpdated":"2024-09-05T02:08:15.861Z","folderId":null,"pageName":"Product Details Template","serverPageId":null,"sectionCount":1,"status":2,"backwardUrl":null},{"id":82338835,"title":"Shopping Cart Template","order":5,"templateKey":"cart","customTemplate":false,"customTemplateFilename":null,"pageLinks":[],"dateCreated":"2024-09-05T02:08:15.559Z","dateUpdated":"2024-09-05T02:08:15.861Z","folderId":null,"pageName":"Shopping Cart Template","serverPageId":null,"sectionCount":1,"status":2,"backwardUrl":null},{"id":951115712,"title":"Checkout Template","order":6,"templateKey":"checkout","customTemplate":false,"customTemplateFilename":null,"pageLinks":[],"dateCreated":"2024-09-05T02:08:15.625Z","dateUpdated":"2024-09-05T02:08:15.861Z","folderId":null,"pageName":"Checkout Template","serverPageId":null,"sectionCount":1,"status":2,"backwardUrl":null},{"id":225017303,"title":"Login Template","order":7,"templateKey":"login","customTemplate":false,"customTemplateFilename":null,"pageLinks":[],"dateCreated":"2024-09-05T02:08:15.661Z","dateUpdated":"2024-09-05T02:08:15.861Z","folderId":null,"pageName":"Login Template","serverPageId":null,"sectionCount":1,"status":2,"backwardUrl":null},{"id":52130994,"title":"Page Password Template","order":8,"templateKey":"password","customTemplate":false,"customTemplateFilename":null,"pageLinks":[],"dateCreated":"2024-09-05T02:08:15.687Z","dateUpdated":"2024-09-05T02:08:15.861Z","folderId":null,"pageName":"Page Password Template","serverPageId":null,"sectionCount":1,"status":2,"backwardUrl":null},{"id":1365424981,"title":"404 Not Found Template","order":9,"templateKey":"404","customTemplate":false,"customTemplateFilename":null,"pageLinks":[],"dateCreated":"2024-09-05T02:08:15.711Z","dateUpdated":"2024-09-05T02:08:15.861Z","folderId":null,"pageName":"404 Not Found Template","serverPageId":null,"sectionCount":1,"status":2,"backwardUrl":null},{"id":81607213,"title":"Thank You Page Template","order":10,"templateKey":"ThankYou","customTemplate":false,"customTemplateFilename":null,"pageLinks":[],"dateCreated":"2024-09-05T02:08:15.733Z","dateUpdated":"2024-09-05T02:08:15.861Z","folderId":null,"pageName":"Thank You Page Template","serverPageId":null,"sectionCount":1,"status":2,"backwardUrl":null},{"id":485423110,"title":"Resume","order":100,"templateKey":null,"customTemplate":false,"customTemplateFilename":null,"pageLinks":["26610841"],"dateCreated":"2024-09-05T02:08:15.750Z","dateUpdated":"2024-09-05T05:53:10.180Z","folderId":null,"pageName":"Resume_485423110","serverPageId":null,"sectionCount":3,"status":2,"backwardUrl":null},{"id":26610841,"title":"Contact","order":101,"templateKey":null,"customTemplate":false,"customTemplateFilename":null,"pageLinks":[],"dateCreated":"2024-09-05T02:08:15.764Z","dateUpdated":"2024-09-05T06:07:09.798Z","folderId":null,"pageName":"Contact_26610841","serverPageId":null,"sectionCount":1,"status":2,"backwardUrl":null},{"id":27095573,"title":"Home","order":102,"templateKey":null,"customTemplate":false,"customTemplateFilename":null,"pageLinks":["485423110"],"dateCreated":"2024-09-05T02:23:46.225Z","dateUpdated":"2024-09-05T06:06:07.237Z","folderId":null,"pageName":"Home_27095573","serverPageId":null,"sectionCount":6,"status":2,"backwardUrl":null}]