[{"id":394423782,"title":"Blog Template","order":1,"templateKey":"blog","customTemplate":false,"customTemplateFilename":null,"pageLinks":[],"dateCreated":"2024-09-09T16:10:30.636Z","dateUpdated":"2024-09-09T16:10:31.145Z","folderId":null,"pageName":"Blog Template","sectionCount":1,"status":2},{"id":3106527518,"title":"Post Template","order":2,"templateKey":"post","customTemplate":false,"customTemplateFilename":null,"pageLinks":[],"dateCreated":"2024-09-09T16:10:30.691Z","dateUpdated":"2024-09-09T16:10:31.145Z","folderId":null,"pageName":"Post Template","sectionCount":1,"status":2},{"id":1511816520,"title":"Product List Template","order":3,"templateKey":"products","customTemplate":false,"customTemplateFilename":null,"pageLinks":[],"dateCreated":"2024-09-09T16:10:30.739Z","dateUpdated":"2024-09-09T16:10:31.145Z","folderId":null,"pageName":"Product List Template","sectionCount":1,"status":2},{"id":1146900343,"title":"Product Details Template","order":4,"templateKey":"product","customTemplate":false,"customTemplateFilename":null,"pageLinks":[],"dateCreated":"2024-09-09T16:10:30.789Z","dateUpdated":"2024-09-09T16:10:31.145Z","folderId":null,"pageName":"Product Details Template","sectionCount":1,"status":2},{"id":205915364,"title":"Shopping Cart Template","order":5,"templateKey":"cart","customTemplate":false,"customTemplateFilename":null,"pageLinks":[],"dateCreated":"2024-09-09T16:10:30.832Z","dateUpdated":"2024-09-09T16:10:31.145Z","folderId":null,"pageName":"Shopping Cart Template","sectionCount":1,"status":2},{"id":779713202,"title":"Checkout Template","order":6,"templateKey":"checkout","customTemplate":false,"customTemplateFilename":null,"pageLinks":[],"dateCreated":"2024-09-09T16:10:30.893Z","dateUpdated":"2024-09-09T16:10:31.145Z","folderId":null,"pageName":"Checkout Template","sectionCount":1,"status":2},{"id":264102727,"title":"Login Template","order":7,"templateKey":"login","customTemplate":false,"customTemplateFilename":null,"pageLinks":[],"dateCreated":"2024-09-09T16:10:30.944Z","dateUpdated":"2024-09-09T16:10:31.145Z","folderId":null,"pageName":"Login Template","sectionCount":1,"status":2},{"id":2979110817,"title":"Search Template","order":8,"templateKey":"Search","customTemplate":false,"customTemplateFilename":null,"pageLinks":[],"dateCreated":"2024-12-15T02:55:16.718Z","dateUpdated":"2024-12-15T02:55:16.774Z","folderId":null,"pageName":"Search Template","sectionCount":1,"status":2},{"id":92027085,"title":"Page Password Template","order":9,"templateKey":"password","customTemplate":false,"customTemplateFilename":null,"pageLinks":[],"dateCreated":"2024-09-09T16:10:30.972Z","dateUpdated":"2024-09-09T16:10:31.145Z","folderId":null,"pageName":"Page Password Template","sectionCount":1,"status":2},{"id":401627840,"title":"404 Not Found Template","order":10,"templateKey":"404","customTemplate":false,"customTemplateFilename":null,"pageLinks":[],"dateCreated":"2024-09-09T16:10:30.996Z","dateUpdated":"2024-09-09T16:10:31.145Z","folderId":null,"pageName":"404 Not Found Template","sectionCount":1,"status":2},{"id":30466864,"title":"Thank You Page Template","order":11,"templateKey":"ThankYou","customTemplate":false,"customTemplateFilename":null,"pageLinks":[],"dateCreated":"2024-09-09T16:10:31.016Z","dateUpdated":"2024-09-09T16:10:31.145Z","folderId":null,"pageName":"Thank You Page Template","sectionCount":1,"status":2},{"id":33763915,"title":"Home","order":12.5,"templateKey":null,"customTemplate":false,"customTemplateFilename":null,"pageLinks":[],"dateCreated":"2024-09-09T16:12:15.373Z","dateUpdated":"2024-12-15T07:02:10.946Z","folderId":null,"pageName":"Home_33763915","sectionCount":5,"status":2}]